
/* schedule */
insert into schedule(ym,`user`,day1,day2,day3,day4,day5,day6,day7,day8,day9,day10,day11,day12,day13,day14,day15,day16,day17,day18,day19,day20,day21,day22,day23,day24,day25,day26,day27,day28,day29,day30,day31) values
    ('202210','A100','1000000',null,'1000000',null,'1000000',null,'1000000',null,'1000000',null,'1000000',null,'1000000',null,'1000000',null,'1000000',null,'1000000',null,'1000000',null,'1000000',null,'1000000',null,'1000000',null,'1000000',null,'1000000')
  , ('202210','A101','0100000','0100000',null,'0100000','0100000',null,'0100000','0100000',null,'0100000','0100000',null,'0100000','0100000',null,'0100000','0100000',null,'0100000','0100000',null,'0100000','0100000',null,'0100000','0100000',null,'0100000','0100000',null,'0100000')
  , ('202210','A102','0010000','0010000','0010000',null,'0010000','0010000','0010000',null,'0010000','0010000','0010000',null,'0010000','0010000','0010000',null,'0010000','0010000','0010000',null,'0010000','0010000','0010000',null,'0010000','0010000','0010000',null,'0010000','0010000','0010000')
  , ('202210','A103','1010000',null,null,'1010000',null,null,'1010000',null,null,'1010000',null,null,'1010000',null,null,'1010000',null,null,'1010000',null,null,'1010000',null,null,'1010000',null,null,'1010000',null,null,'1010000')
  , ('202210','A104','0110000','0110000',null,null,'0110000','0110000',null,null,'0110000','0110000',null,null,'0110000','0110000',null,null,'0110000','0110000',null,null,'0110000','0110000',null,null,'0110000','0110000',null,null,'0110000','0110000',null)
  , ('202210','A105','1100000',null,null,null,'1100000',null,null,null,'1100000',null,null,null,'1100000',null,null,null,'1100000',null,null,null,'1100000',null,null,null,'1100000',null,null,'1100000',null,null,null)
  , ('202211','A100','1000000',null,'1000000',null,'1000000',null,'1000000',null,'1000000',null,'1000000',null,'1000000',null,'1000000',null,'1000000',null,'1000000',null,'1000000',null,'1000000',null,'1000000',null,'1000000',null,'1000000',null,'1000000')
  , ('202211','A101','0100000','0100000',null,'0100000','0100000',null,'0100000','0100000',null,'0100000','0100000',null,'0100000','0100000',null,'0100000','0100000',null,'0100000','0100000',null,'0100000','0100000',null,'0100000','0100000',null,'0100000','0100000',null,'0100000')
  , ('202211','A102','0010000','0010000','0010000',null,'0010000','0010000','0010000',null,'0010000','0010000','0010000',null,'0010000','0010000','0010000',null,'0010000','0010000','0010000',null,'0010000','0010000','0010000',null,'0010000','0010000','0010000',null,'0010000','0010000','0010000')
  , ('202211','A103','1010000',null,null,'1010000',null,null,'1010000',null,null,'1010000',null,null,'1010000',null,null,'1010000',null,null,'1010000',null,null,'1010000',null,null,'1010000',null,null,'1010000',null,null,'1010000')
  , ('202211','A104','0110000','0110000',null,null,'0110000','0110000',null,null,'0110000','0110000',null,null,'0110000','0110000',null,null,'0110000','0110000',null,null,'0110000','0110000',null,null,'0110000','0110000',null,null,'0110000','0110000',null)
  , ('202211','A105','1100000',null,null,null,'1100000',null,null,null,'1100000',null,null,null,'1100000',null,null,null,'1100000',null,null,null,'1100000',null,null,null,'1100000',null,null,'1100000',null,null,null)
  , ('202209','A100','1000000',null,'1000000',null,'1000000',null,'1000000',null,'1000000',null,'1000000',null,'1000000',null,'1000000',null,'1000000',null,'1000000',null,'1000000',null,'1000000',null,'1000000',null,'1000000',null,'1000000',null,'1000000')
  , ('202209','A101','0100000','0100000',null,'0100000','0100000',null,'0100000','0100000',null,'0100000','0100000',null,'0100000','0100000',null,'0100000','0100000',null,'0100000','0100000',null,'0100000','0100000',null,'0100000','0100000',null,'0100000','0100000',null,'0100000')
  , ('202209','A102','0010000','0010000','0010000',null,'0010000','0010000','0010000',null,'0010000','0010000','0010000',null,'0010000','0010000','0010000',null,'0010000','0010000','0010000',null,'0010000','0010000','0010000',null,'0010000','0010000','0010000',null,'0010000','0010000','0010000')
  , ('202209','A103','1010000',null,null,'1010000',null,null,'1010000',null,null,'1010000',null,null,'1010000',null,null,'1010000',null,null,'1010000',null,null,'1010000',null,null,'1010000',null,null,'1010000',null,null,'1010000')
  , ('202209','A104','0110000','0110000',null,null,'0110000','0110000',null,null,'0110000','0110000',null,null,'0110000','0110000',null,null,'0110000','0110000',null,null,'0110000','0110000',null,null,'0110000','0110000',null,null,'0110000','0110000',null)
  , ('202209','A105','1100000',null,null,null,'1100000',null,null,null,'1100000',null,null,null,'1100000',null,null,null,'1100000',null,null,null,'1100000',null,null,null,'1100000',null,null,'1100000',null,null,null);


/* schedule_pre  */
insert into schedule_pre(ym,`user`,day1,day2,day3,day4,day5,day6,day7,day8,day9,day10,day11,day12,day13,day14,day15,day16,day17,day18,day19,day20,day21,day22,day23,day24,day25,day26,day27,day28,day29,day30,day31) values
    ('202210','A100','1000000','1000000','1000000','1000000','1000000','1000000','1000000','1000000','1000000','1000000','1000000','1000000','1000000','1000000','1000000','1000000','1000000','1000000','1000000','1000000','1000000','1000000','1000000','1000000','1000000','1000000','1000000','1000000','1000000','1000000','1000000')
  , ('202209','A100','1000000','1000000','1000000','1000000','1000000','1000000','1000000','1000000','1000000','1000000','1000000','1000000','1000000','1000000','1000000','1000000','1000000','1000000','1000000','1000000','1000000','1000000','1000000','1000000','1000000','1000000','1000000','1000000','1000000','1000000','0000000')
  , ('202211','A100','1000000','1000000','1000000','1000000','1000000','1000000','1000000','1000000','1000000','1000000','1000000','1000000','1000000','1000000','1000000','1000000','1000000','1000000','1000000','1000000','1000000','1000000','1000000','1000000','1000000','1000000','1000000','1000000','1000000','1000000','0000000')
  , ('202210','A101','0100000','0100000','0100000','0100000','0100000','0100000','0100000','0100000','0100000','0100000','0100000','0100000','0100000','0100000','0100000','0100000','0100000','0100000','0100000','0100000','0100000','0100000','0100000','0100000','0100000','0100000','0100000','0100000','0100000','0100000','0100000')
  , ('202209','A101','0100000','0100000','0100000','0100000','0100000','0100000','0100000','0100000','0100000','0100000','0100000','0100000','0100000','0100000','0100000','0100000','0100000','0100000','0100000','0100000','0100000','0100000','0100000','0100000','0100000','0100000','0100000','0100000','0100000','0100000','0000000')
  , ('202211','A101','0100000','0100000','0100000','0100000','0100000','0100000','0100000','0100000','0100000','0100000','0100000','0100000','0100000','0100000','0100000','0100000','0100000','0100000','0100000','0100000','0100000','0100000','0100000','0100000','0100000','0100000','0100000','0100000','0100000','0100000','0000000')
  , ('202210','A102','0010000','0010000','0010000','0010000','0010000','0010000','0010000','0010000','0010000','0010000','0010000','0010000','0010000','0010000','0010000','0010000','0010000','0010000','0010000','0010000','0010000','0010000','0010000','0010000','0010000','0010000','0010000','0010000','0010000','0010000','0010000')
  , ('202209','A102','0010000','0010000','0010000','0010000','0010000','0010000','0010000','0010000','0010000','0010000','0010000','0010000','0010000','0010000','0010000','0010000','0010000','0010000','0010000','0010000','0010000','0010000','0010000','0010000','0010000','0010000','0010000','0010000','0010000','0010000','0000000')
  , ('202211','A102','0010000','0010000','0010000','0010000','0010000','0010000','0010000','0010000','0010000','0010000','0010000','0010000','0010000','0010000','0010000','0010000','0010000','0010000','0010000','0010000','0010000','0010000','0010000','0010000','0010000','0010000','0010000','0010000','0010000','0010000','0000000')
  , ('202210','A103','1010000','1010000','1010000','1010000','1010000','1010000','1010000','1010000','1010000','1010000','1010000','1010000','1010000','1010000','1010000','1010000','1010000','1010000','1010000','1010000','1010000','1010000','1010000','1010000','1010000','1010000','1010000','1010000','1010000','1010000','1010000')
  , ('202211','A103','1010000','1010000','1010000','1010000','1010000','1010000','1010000','1010000','1010000','1010000','1010000','1010000','1010000','1010000','1010000','1010000','1010000','1010000','1010000','1010000','1010000','1010000','1010000','1010000','1010000','1010000','1010000','1010000','1010000','1010000','0000000')
  , ('202209','A103','1010000','1010000','1010000','1010000','1010000','1010000','1010000','1010000','1010000','1010000','1010000','1010000','1010000','1010000','1010000','1010000','1010000','1010000','1010000','1010000','1010000','1010000','1010000','1010000','1010000','1010000','1010000','1010000','1010000','1010000','0000000')
  , ('202210','A104','0110000','0110000','0110000','0110000','0110000','0110000','0110000','0110000','0110000','0110000','0110000','0110000','0110000','0110000','0110000','0110000','0110000','0110000','0110000','0110000','0110000','0110000','0110000','0110000','0110000','0110000','0110000','0110000','0110000','0110000','0110000')
  , ('202209','A104','0110000','0110000','0110000','0110000','0110000','0110000','0110000','0110000','0110000','0110000','0110000','0110000','0110000','0110000','0110000','0110000','0110000','0110000','0110000','0110000','0110000','0110000','0110000','0110000','0110000','0110000','0110000','0110000','0110000','0110000','0000000')
  , ('202211','A104','0110000','0110000','0110000','0110000','0110000','0110000','0110000','0110000','0110000','0110000','0110000','0110000','0110000','0110000','0110000','0110000','0110000','0110000','0110000','0110000','0110000','0110000','0110000','0110000','0110000','0110000','0110000','0110000','0110000','0110000','0000000')
  , ('202210','A105','1100000','1100000','1100000','1100000','1100000','1100000','1100000','1100000','1100000','1100000','1100000','1100000','1100000','1100000','1100000','1100000','1100000','1100000','1100000','1100000','1100000','1100000','1100000','1100000','1100000','1100000','1100000','1100000','1100000','1100000','1100000')
  , ('202209','A105','1100000','1100000','1100000','1100000','1100000','1100000','1100000','1100000','1100000','1100000','1100000','1100000','1100000','1100000','1100000','1100000','1100000','1100000','1100000','1100000','1100000','1100000','1100000','1100000','1100000','1100000','1100000','1100000','1100000','1100000','0000000')
  , ('202211','A105','1100000','1100000','1100000','1100000','1100000','1100000','1100000','1100000','1100000','1100000','1100000','1100000','1100000','1100000','1100000','1100000','1100000','1100000','1100000','1100000','1100000','1100000','1100000','1100000','1100000','1100000','1100000','1100000','1100000','1100000','0000000');


/* schedule_time */
insert into schedule_time(end_ymd,name1,start_hm1,end_hm1,rest_hm1,name2,start_hm2,end_hm2,rest_hm2,name3,start_hm3,end_hm3,rest_hm3,name4,start_hm4,end_hm4,rest_hm4,name5,start_hm5,end_hm5,rest_hm5,name6,start_hm6,end_hm6,rest_hm6,name7,start_hm7,end_hm7,rest_hm7) values
    ('20220430','朝番1','0900','1100','0000','昼番1','1100','1300','0000','夜番1','1300','1500','0000',null,null,null,null,null,null,null,null,null,null,null,null,null,null,null,null)
  , ('20220630','朝番2','0900','1200','0000','昼番2','1200','1400','0000','夜番2','1400','1600','0000',null,null,null,null,null,null,null,null,null,null,null,null,null,null,null,null)
  , ('20221031','朝番3','0900','1200','0000','昼番3','1200','1400','0000','夜番3','1400','1600','0000',null,null,null,null,null,null,null,null,null,null,null,null,null,null,null,null)
  , ('20221130','朝番4','0900','1200','0000','昼番4','1200','1400','0000','夜番4','1400','1600','0000',null,null,null,null,null,null,null,null,null,null,null,null,null,null,null,null)
  , ('99999999','朝番5','0900','1200','0000','昼番5','1200','1400','0000','夜番5','1400','1600','0000',null,null,null,null,null,null,null,null,null,null,null,null,null,null,null,null);


/* user */
/* パスワードは全て1234 */
/* emailにメールアドレスを登録している場合、実際にメールが届くので注意(emailはメールアドレス重複禁止) */
insert into `user`(id,name,name_kana,gender,password,address,tel,email,note,icon_kbn,admin_flg,del_flg) values
    ('A001','管理者','カンリシャ','1','$2a$10$pQPVrr/TEy95RvfI8BVG6.uNTbTSdbCT7ozzI5fmPvSkFYKbwrS/2',null,null,null,'管理者',null,'1',null)
  , ('A100','新井','アライ','1','$2a$10$pQPVrr/TEy95RvfI8BVG6.uNTbTSdbCT7ozzI5fmPvSkFYKbwrS/2',null,null,null,null,null,null,null)
  , ('A101','今田','イマダ','2','$2a$10$pQPVrr/TEy95RvfI8BVG6.uNTbTSdbCT7ozzI5fmPvSkFYKbwrS/2',null,null,null,null,null,null,null)
  , ('A102','上田','ウエダ','1','$2a$10$pQPVrr/TEy95RvfI8BVG6.uNTbTSdbCT7ozzI5fmPvSkFYKbwrS/2',null,null,null,null,null,null,null)
  , ('A103','江口','エグチ','1','$2a$10$pQPVrr/TEy95RvfI8BVG6.uNTbTSdbCT7ozzI5fmPvSkFYKbwrS/2',null,null,null,null,null,null,null)
  , ('A104','太田','オオタ','2','$2a$10$pQPVrr/TEy95RvfI8BVG6.uNTbTSdbCT7ozzI5fmPvSkFYKbwrS/2',null,null,null,null,null,null,null)
  , ('A105','加藤','カトウ','1','$2a$10$pQPVrr/TEy95RvfI8BVG6.uNTbTSdbCT7ozzI5fmPvSkFYKbwrS/2',null,null,null,null,null,null,null)
  , ('A106','岸田','キシダ','1','$2a$10$pQPVrr/TEy95RvfI8BVG6.uNTbTSdbCT7ozzI5fmPvSkFYKbwrS/2',null,null,null,null,null,null,null)
  , ('A107','工藤','クドウ','2','$2a$10$pQPVrr/TEy95RvfI8BVG6.uNTbTSdbCT7ozzI5fmPvSkFYKbwrS/2',null,null,null,null,null,null,null)
  , ('A108','芥子川','ケシガワ','1','$2a$10$pQPVrr/TEy95RvfI8BVG6.uNTbTSdbCT7ozzI5fmPvSkFYKbwrS/2',null,null,null,null,null,null,null)
  , ('A109','小池','コイケ','1','$2a$10$pQPVrr/TEy95RvfI8BVG6.uNTbTSdbCT7ozzI5fmPvSkFYKbwrS/2',null,null,null,null,null,null,null)
  , ('A110','佐藤','サトウ','2','$2a$10$pQPVrr/TEy95RvfI8BVG6.uNTbTSdbCT7ozzI5fmPvSkFYKbwrS/2',null,null,null,null,null,null,null)
  , ('A111','清水','シミズ','1','$2a$10$pQPVrr/TEy95RvfI8BVG6.uNTbTSdbCT7ozzI5fmPvSkFYKbwrS/2',null,null,null,null,null,null,null)
  , ('A112','須藤','ストウ','1','$2a$10$pQPVrr/TEy95RvfI8BVG6.uNTbTSdbCT7ozzI5fmPvSkFYKbwrS/2',null,null,null,null,null,null,null)
  , ('A113','関口','セキグチ','2','$2a$10$pQPVrr/TEy95RvfI8BVG6.uNTbTSdbCT7ozzI5fmPvSkFYKbwrS/2',null,null,null,null,null,null,null)
  , ('A114','園田','ソノダ','1','$2a$10$pQPVrr/TEy95RvfI8BVG6.uNTbTSdbCT7ozzI5fmPvSkFYKbwrS/2',null,null,null,null,null,null,null);
